{"cameraMode":{"drawMode":0,"name":"Shaded","section":"Shading Mode"},"sceneLighting":true,"audioPlay":false,"sceneViewState":{"m_AlwaysRefresh":false,"showFog":true,"showSkybox":true,"showFlares":true,"showImageEffects":true,"showParticleSystems":true,"showVisualEffectGraphs":true,"m_FxEnabled":true},"in2DMode":false,"pivot":{"x":-1.1382694244384766,"y":0.25107908248901369,"z":-0.9321479797363281},"rotation":{"x":-0.0497879721224308,"y":-0.002403983613476157,"z":0.00006552552076755092,"w":-0.9987532496452332},"size":3.7974536418914797,"orthographic":false}